"categoria","precio_promedio"
Deportes,32.5000000000000000
Electrónicos,900.0000000000000000
Ropa,60.0000000000000000
Hogar,25.0000000000000000
Juguetes,17.5000000000000000
